{"cameraMode":{"drawMode":0,"name":"Shaded","section":"Shading Mode"},"sceneLighting":false,"audioPlay":false,"sceneViewState":{"showFog":true,"showMaterialUpdate":true,"showSkybox":true,"showFlares":true,"showImageEffects":true,"showParticleSystems":true},"in2DMode":false,"pivot":{"x":6.349996089935303,"y":4.405952453613281,"z":-0.17013764381408692},"rotation":{"x":-0.2877920866012573,"y":-0.4021419584751129,"z":0.1347847878932953,"w":-0.8586563467979431},"size":6.982672691345215,"orthographic":false}