{"cameraMode":{"drawMode":0,"name":"Shaded","section":"Shading Mode"},"sceneLighting":true,"audioPlay":false,"sceneViewState":{"showFog":true,"showMaterialUpdate":true,"showSkybox":true,"showFlares":true,"showImageEffects":true,"showParticleSystems":true},"in2DMode":false,"pivot":{"x":14.931707382202149,"y":-1.9125099182128907,"z":12.700124740600586},"rotation":{"x":0.4035145044326782,"y":-0.30676785111427309,"z":0.1456957906484604,"w":0.8496130108833313},"size":44.022762298583987,"orthographic":false}